id;first_name;last_name;email;phone_number;address
1;Kaitlyn;Cartwright;Tanya.Carroll@hotmail.com;ravage boo gah;enroll
2;Aletha;McClure;Jordane_Huel80@yahoo.com;tightly purple outsi;whereas total
3;Jessy;Hoppe;Laurine70@gmail.com;yuck safely prime;hm amongst hence
4;Solon;Nikolaus-Pfeffer;Davon.Hegmann76@hotmail.com;perfection mmm paltr;sting unkempt
5;Leda;Watsica;Lola68@gmail.com;near hello aw;kiddingly ha every
6;Jennings;Metz;Malinda.Treutel24@gmail.com;outrageous for suckl;bobble ick wilderness
7;Minerva;Mayert;Corene99@hotmail.com;quicker neglected;scamper fraternise possession
8;Hilda;Fadel;Karina.Feil@gmail.com;solder famously rega;or unexpectedly viability
9;Alia;Lemke;Rickey.Thiel66@gmail.com;yowza wearily;towards
10;Brett;Prohaska;Rosamond_Zieme@hotmail.com;investigate;save candid angelic
